source,translation_A,translation_B,A,equal,B,label_A,label_B,text,text_type
Reset Your Password,Ihr Passwort zurücksetzen,Passwort zurücksetzen,FALSE,FALSE,TRUE,DeepL,Supertext,en-US_inst_1.txt,instructions
Learn how to reset the password for your New York Times account.,"Erfahren Sie, wie Sie das Passwort für Ihr New York Times-Konto zurücksetzen können.","Erfahren Sie, wie Sie das Passwort für Ihr New York Times-Konto zurücksetzen können.",FALSE,TRUE,FALSE,DeepL,Supertext,en-US_inst_1.txt,instructions
,,,,,,,,,
Did you know?,Wussten Sie schon?,"Wussten Sie, dass...",FALSE,TRUE,FALSE,DeepL,Supertext,en-US_inst_1.txt,instructions
Resetting your password is the easiest way to resolve login issues for your New York Times account.,"Das Zurücksetzen Ihres Passworts ist der einfachste Weg, um Login-Probleme für Ihr New York Times-Konto zu beheben.","Die Rücksetzung Ihres Passworts die einfachste Möglichkeit ist, Probleme beim Anmelden an Ihrem New York Times-Konto zu beheben.",FALSE,TRUE,FALSE,DeepL,Supertext,en-US_inst_1.txt,instructions
,,,,,FALSE,,,,
Reset Your Password,Ihr Passwort zurücksetzen,Passwort zurücksetzen,FALSE,FALSE,TRUE,DeepL,Supertext,en-US_inst_1.txt,instructions
,,,,,,,,,
"Note: If you use your Google, Facebook, or Apple account credentials to access your New York Times account, you can change your password through Google, Facebook, or Apple.","Hinweis: Wenn Sie die Anmeldedaten Ihres Google-, Facebook- oder Apple-Kontos verwenden, um auf Ihr New York Times-Konto zuzugreifen, können Sie Ihr Passwort über Google, Facebook oder Apple ändern.","Hinweis: Wenn Sie sich mit Ihren Google-, Facebook- oder Apple-Zugangsdaten bei Ihrem New York Times-Konto anmelden, können Sie Ihr Passwort über Google, Facebook oder Apple ändern.",FALSE,TRUE,FALSE,DeepL,Supertext,en-US_inst_1.txt,instructions
,,,,,,,,,
Steps for Updating Your Email Address in Account:,Schritte zum Aktualisieren Ihrer E-Mail-Adresse im Konto:,So ändern Sie Ihre E-Mail-Adresse in Ihrem Konto:,TRUE,FALSE,FALSE,DeepL,Supertext,en-US_inst_1.txt,instructions
,,,,,,,,,
"To reset your password, visit the password reset form or select Forgot your password? during login and take the following steps:","Um Ihr Passwort zurückzusetzen, besuchen Sie das Formular zum Zurücksetzen des Passworts oder wählen Sie bei der Anmeldung die Option Passwort vergessen? und führen Sie die folgenden Schritte aus:","Um Ihr Passwort zurückzusetzen, gehen Sie zur Passwortzurücksetzungsseite oder wählen Sie beim Anmelden die Option ""Passwort vergessen?"" und führen Sie die folgenden Schritte aus:",FALSE,FALSE,TRUE,DeepL,Supertext,en-US_inst_1.txt,instructions
,,,,,,,,,
1. Enter the email address associated with your New York Times account.,"1. Geben Sie die E-Mail-Adresse ein, die mit Ihrem New York Times-Konto verknüpft ist.","1. Geben Sie die E-Mail-Adresse ein, die mit Ihrem New York Times-Konto verknüpft ist.",FALSE,TRUE,FALSE,DeepL,Supertext,en-US_inst_1.txt,instructions
2. Check your email inbox for the password reset email.,2. Überprüfen Sie Ihren E-Mail-Posteingang auf die E-Mail zum Zurücksetzen des Passworts.,2. Überprüfen Sie Ihren Posteingang auf die E-Mail zur Passwortzurücksetzung.,FALSE,FALSE,TRUE,DeepL,Supertext,en-US_inst_1.txt,instructions
"Note: If you do not see the reset email come through after a minute, check your junk/spam folders.","Hinweis: Wenn Sie die E-Mail zum Zurücksetzen des Passworts nach einer Minute noch nicht erhalten haben, überprüfen Sie Ihren Junk/Spam-Ordner.","Hinweis: Wenn Sie nach einer Minute keine E-Mail zur Passwortzurücksetzung erhalten haben, überprüfen Sie bitte Ihren Spam-Ordner.",FALSE,FALSE,TRUE,DeepL,Supertext,en-US_inst_1.txt,instructions
3. Select the Create your password reset button in the email.,3. Wählen Sie in der E-Mail die Schaltfläche Create your password reset.,"3. Klicken Sie in der E-Mail auf ""Passwort zurücksetzen"".",FALSE,FALSE,TRUE,DeepL,Supertext,en-US_inst_1.txt,instructions
4. Enter a new password that is at least 6 characters long.,"4. Geben Sie ein neues Passwort ein, das mindestens 6 Zeichen lang ist.","4. Geben Sie ein neues Passwort ein, das mindestens 6 Zeichen lang ist.",FALSE,TRUE,FALSE,DeepL,Supertext,en-US_inst_1.txt,instructions
5. Select Submit to reset your password.,"5. Wählen Sie Senden, um Ihr Passwort zurückzusetzen.","5. Klicken Sie auf ""Speichern"", um Ihr Passwort zurückzusetzen.",TRUE,FALSE,FALSE,DeepL,Supertext,en-US_inst_1.txt,instructions
,,,,,,,,,
"Once you reset your password, you will be automatically logged in to your New York Times account.","Sobald Sie Ihr Passwort zurückgesetzt haben, werden Sie automatisch bei Ihrem New York Times-Konto angemeldet.",Nach der Rücksetzung Ihres Passworts werden Sie automatisch bei Ihrem New York Times-Konto angemeldet.,FALSE,TRUE,FALSE,DeepL,Supertext,en-US_inst_1.txt,instructions
,,,,,,,,,
"- If you cannot locate a password reset email in your inbox, check your Spam or Junk folder.","- Wenn Sie in Ihrem Posteingang keine E-Mail zum Zurücksetzen des Passworts finden, überprüfen Sie Ihren Spam- oder Junk-Ordner.","- Wenn Sie keine E-Mail zur Passwortzurücksetzung in Ihrem Posteingang finden, überprüfen Sie bitte Ihren Spam-Ordner.",FALSE,FALSE,TRUE,DeepL,Supertext,en-US_inst_1.txt,instructions
"If you use Gmail, check your Promotions folder.","Wenn Sie Gmail verwenden, sehen Sie in Ihrem Promotions-Ordner nach.","Wenn Sie ein Gmail-Konto haben, überprüfen Sie bitte auch Ihren Ordner ""Promotionen"".",TRUE,FALSE,FALSE,DeepL,Supertext,en-US_inst_1.txt,instructions
"- If you are still unable to find your password reset email, add nyt@service.newyorktimes.com to your address book. Then request another password reset email.","- Wenn Sie Ihre E-Mail zum Zurücksetzen des Passworts immer noch nicht finden können, fügen Sie nyt@service.newyorktimes.com zu Ihrem Adressbuch hinzu. Fordern Sie dann eine weitere E-Mail zum Zurücksetzen des Passworts an.","- Wenn Sie immer noch keine E-Mail zur Passwortzurücksetzung finden können, fügen Sie nyt@service.newyorktimes.com zu Ihren Kontakten hinzu und fordern Sie eine weitere E-Mail zur Passwortzurücksetzung an.",FALSE,FALSE,TRUE,DeepL,Supertext,en-US_inst_1.txt,instructions
,,,,,,,,,
Update Your Payment Information,Ihre Zahlungsinformationen aktualisieren,Aktualisieren Sie Ihre Zahlungsinformationen,FALSE,TRUE,FALSE,Supertext,DeepL,en-US_inst_2.txt,instructions
Learn how to update or change the payment information associated with your New York Times account.,"Erfahren Sie, wie Sie die Zahlungsinformationen Ihres New York Times-Kontos aktualisieren oder ändern können.","Erfahren Sie, wie Sie die Zahlungsinformationen für Ihr New York Times-Konto aktualisieren oder ändern können.",FALSE,TRUE,FALSE,Supertext,DeepL,en-US_inst_2.txt,instructions
,,,,,,,,,
Did you know?,Did you know?,Wussten Sie schon?,FALSE,FALSE,TRUE,Supertext,DeepL,en-US_inst_2.txt,instructions
You can make changes to your subscription in Account.,Sie können Ihre Abonnementdaten im Bereich Abonnement bearbeiten.,Sie können Änderungen an Ihrem Abonnement unter Konto vornehmen.,FALSE,FALSE,TRUE,Supertext,DeepL,en-US_inst_2.txt,instructions
,,,,,,,,,
Update Payment Method,Zahlungsmethode aktualisieren,Zahlungsmethode aktualisieren,FALSE,TRUE,FALSE,Supertext,DeepL,en-US_inst_2.txt,instructions
,,,,,,,,,
"Note: If you purchased your subscription through a third party (such as Google Play or Apple App Store), you will need to contact the third party directly to update your payment information.","Hinweis: Wenn Sie Ihr Abonnement über einen Drittanbieter (wie Google Play oder den Apple App Store) abgeschlossen haben, wenden Sie sich bitte direkt an diesen, um Ihre Zahlungsinformationen zu aktualisieren.","Hinweis: Wenn Sie Ihr Abonnement über einen Drittanbieter (z. B. Google Play oder Apple App Store) erworben haben, müssen Sie sich direkt an den Drittanbieter wenden, um Ihre Zahlungsinformationen zu aktualisieren.",FALSE,TRUE,FALSE,Supertext,DeepL,en-US_inst_2.txt,instructions
,,,,,,,,,
Steps for Updating Your Payment Method in Account:,So aktualisieren Sie Ihre Zahlungsmethode im Bereich Abonnement:,Schritte zum Aktualisieren Ihrer Zahlungsmethode im Konto:,FALSE,FALSE,TRUE,Supertext,DeepL,en-US_inst_2.txt,instructions
,,,,,,,,,
"1. In the Subscription overview section, locate Payment information.",1. Gehen Sie im Bereich Übersicht über Ihr Abonnement zu Zahlungsinformationen.,1. Suchen Sie im Abschnitt Abonnementübersicht nach Zahlungsinformationen.,FALSE,TRUE,FALSE,Supertext,DeepL,en-US_inst_2.txt,instructions
2. Select Update next to your current payment method.,2. Klicken Sie neben Ihrer aktuellen Zahlungsmethode auf Bearbeiten.,2. Wählen Sie Aktualisieren neben Ihrer aktuellen Zahlungsmethode.,FALSE,FALSE,TRUE,Supertext,DeepL,en-US_inst_2.txt,instructions
3. Select Update with credit card or PayPal (for digital subscribers only).,3. Wählen Sie Kreditkarte oder PayPal (nur für digitale Abonnenten).,3. Wählen Sie Aktualisieren mit Kreditkarte oder PayPal (nur für digitale Abonnenten).,FALSE,FALSE,TRUE,Supertext,DeepL,en-US_inst_2.txt,instructions
"4. Enter your new payment information on the next screen and select, Save.",4. Geben Sie auf der nächsten Seite Ihre neuen Zahlungsinformationen ein und klicken Sie auf Speichern.,4. Geben Sie auf dem nächsten Bildschirm Ihre neuen Zahlungsinformationen ein und wählen Sie Speichern.,TRUE,FALSE,FALSE,Supertext,DeepL,en-US_inst_2.txt,instructions
,,,,,,,,,
Note: If you are having trouble updating your payment method please visit Payment Issues in the Help Center to learn more.,"Hinweis: Wenn Sie Probleme beim Aktualisieren Ihrer Zahlungsmethode haben, lesen Sie bitte unter Zahlungsprobleme im Hilfebereich nach.","Hinweis: Wenn Sie Probleme mit der Aktualisierung Ihrer Zahlungsmethode haben, besuchen Sie bitte die Seite Zahlungsprobleme im Hilfe-Center, um mehr zu erfahren.",FALSE,TRUE,FALSE,Supertext,DeepL,en-US_inst_2.txt,instructions
,,,,,,,,,
Linking to NYTimes.com,Verlinkung auf NYTimes.com,Verlinkung zu NYTimes.com,FALSE,TRUE,FALSE,Supertext,DeepL,en-US_inst_3.txt,instructions
Learn more about linking to NYTimes.com.,Informationen zur Verlinkung auf NYTimes.com.,Erfahren Sie mehr über die Verlinkung mit NYTimes.com.,FALSE,FALSE,TRUE,Supertext,DeepL,en-US_inst_3.txt,instructions
Be sure to also review Obtaining and using Times content.,Bitte beachten Sie auch die Hinweise zum Erhalten und Nutzen von Times-Inhalten.,Lesen Sie auch den Abschnitt Beschaffung und Nutzung von Times-Inhalten.,FALSE,FALSE,TRUE,Supertext,DeepL,en-US_inst_3.txt,instructions
,,,,,,,,,
1. Do I need permission to link to NYTimes.com?,"1. Benötige ich eine Erlaubnis, um auf NYTimes.com zu verlinken?","1. Brauche ich eine Genehmigung, um auf NYTimes.com zu verlinken?",FALSE,TRUE,FALSE,Supertext,DeepL,en-US_inst_3.txt,instructions
,,,,,,,,,
You can link directly to NYTimes.com without obtaining permission.,"Sie können direkt auf NYTimes.com verlinken, ohne eine Erlaubnis einzuholen.","Sie können direkt auf NYTimes.com verlinken, ohne eine Genehmigung einzuholen.",FALSE,TRUE,FALSE,Supertext,DeepL,en-US_inst_3.txt,instructions
Review the rest of the questions on this page for guidelines on how to link to our site.,"Lesen Sie die übrigen Fragen auf dieser Seite, um zu erfahren, wie Sie auf unserer Website verlinken können.","Lesen Sie die restlichen Fragen auf dieser Seite, um zu erfahren, wie Sie auf unsere Website verlinken können.",FALSE,TRUE,FALSE,Supertext,DeepL,en-US_inst_3.txt,instructions
,,,,,,,,,
"2. May I link to your home page, to a particular section or to a specific article?","2. Darf ich auf die Startseite, eine bestimmte Rubrik oder einen bestimmten Artikel verlinken?","2. Darf ich einen Link zu Ihrer Homepage, zu einem bestimmten Abschnitt oder zu einem bestimmten Artikel setzen?",TRUE,FALSE,FALSE,Supertext,DeepL,en-US_inst_3.txt,instructions
,,,,,,,,,
"You may link to any page, section or article that you are able to view on NYTimes.com.","Sie dürfen auf jede Seite, Rubrik oder jeden Artikel verlinken, die bzw. den Sie auf NYTimes.com anzeigen können.","Sie können auf jede Seite, jeden Abschnitt oder Artikel verlinken, den Sie auf NYTimes.com sehen können.",FALSE,FALSE,TRUE,Supertext,DeepL,en-US_inst_3.txt,instructions
"If you are not able to view the page on NYTimes.com, it is not available for linking.","Wenn Sie die Seite auf NYTimes.com nicht anzeigen können, steht sie nicht zur Verlinkung zur Verfügung.","Wenn Sie die Seite auf NYTimes.com nicht sehen können, ist sie nicht für die Verlinkung verfügbar.",FALSE,FALSE,TRUE,Supertext,DeepL,en-US_inst_3.txt,instructions
,,,,,,,,,
"3. When linking to an NYTimes.com article, which URL should I use?","3. Welche URL sollte ich verwenden, wenn ich auf einen Artikel von NYTimes.com verlinke?","3. Welche URL sollte ich verwenden, wenn ich auf einen NYTimes.com-Artikel verlinke?",FALSE,TRUE,FALSE,Supertext,DeepL,en-US_inst_3.txt,instructions
,,,,,,,,,
Use the URL that is visible in the browser location/address bar when you view the article on our site.,"Verwenden Sie die URL, die Sie in der Adressleiste Ihres Browsers sehen, wenn Sie den Artikel auf unserer Website anzeigen.","Verwenden Sie die URL, die in der Adressleiste des Browsers angezeigt wird, wenn Sie den Artikel auf unserer Website aufrufen.",FALSE,FALSE,TRUE,Supertext,DeepL,en-US_inst_3.txt,instructions
"You can also search NYTimes.com or use a Times API to get article URLs, but for best results, always refer to the URL that appears when you actually view the article.","Sie können auch auf NYTimes.com nach Artikeln suchen oder eine Times-API verwenden, um die URLs der Artikel zu erhalten. Um jedoch die bestmöglichen Ergebnisse zu erzielen, verwenden Sie immer die URL, die Sie sehen, wenn Sie den Artikel tatsächlich anzeigen.","Sie können auch NYTimes.com durchsuchen oder eine Times-API verwenden, um Artikel-URLs zu erhalten, aber die besten Ergebnisse erzielen Sie, wenn Sie immer die URL verwenden, die angezeigt wird, wenn Sie den Artikel tatsächlich ansehen.",FALSE,TRUE,FALSE,Supertext,DeepL,en-US_inst_3.txt,instructions
"If you are not able to view the article on NYTimes.com, it is not available for linking.","Wenn Sie den Artikel auf NYTimes.com nicht anzeigen können, steht er nicht zur Verlinkung zur Verfügung.","Wenn Sie den Artikel auf NYTimes.com nicht anzeigen können, ist er nicht für eine Verlinkung verfügbar.",FALSE,TRUE,FALSE,Supertext,DeepL,en-US_inst_3.txt,instructions
,,,,,,,,,
International Subscriber Contact Information,Internationale Kontaktinformationen für Abonnenten,Kontaktinformationen für internationale Abonnenten,FALSE,FALSE,TRUE,Supertext,DeepL,en-US_inst_4.txt,instructions
Learn how to contact Customer Care about your International Print Edition or digital subscription.,"Erfahren Sie hier, wie Sie sich mit Fragen zu Ihrer internationalen Printausgabe oder Ihrem digitalen Abonnement an den Kundendienst wenden können.","Erfahren Sie, wie Sie den Kundendienst bezüglich Ihrer internationalen Printausgabe oder Ihres digitalen Abonnements kontaktieren können.",FALSE,TRUE,FALSE,Supertext,DeepL,en-US_inst_4.txt,instructions
,,,,,,,,,
Customer Care for international subscriptions is handled by two separate Customer Care teams.,Der Kundendienst für internationale Abonnements wird von zwei verschiedenen Teams abgedeckt.,Der Kundendienst für internationale Abonnements wird von zwei verschiedenen Kundendienstteams betreut.,TRUE,FALSE,FALSE,Supertext,DeepL,en-US_inst_4.txt,instructions
Please review the options below to ensure you are contacting the correct group based on your subscription type.,"Bitte wählen Sie eine der unten aufgeführten Optionen, um sicherzustellen, dass Sie sich an die richtige Gruppe wenden, je nach Art Ihres Abonnements.","Bitte prüfen Sie die nachstehenden Optionen, um sicherzustellen, dass Sie sich je nach Abonnementtyp an die richtige Gruppe wenden.",FALSE,FALSE,TRUE,Supertext,DeepL,en-US_inst_4.txt,instructions
We will be unable to transfer you if you contact the incorrect group.,Wir können Sie nicht an die falsche Gruppe weiterleiten.,"Wir können Sie nicht weiterleiten, wenn Sie sich an die falsche Gruppe wenden.",FALSE,FALSE,TRUE,Supertext,DeepL,en-US_inst_4.txt,instructions
,,,,,,,,,
International Edition Print Subscribers,Internationale Printabonnenten,Abonnenten der internationalen Printausgabe,FALSE,FALSE,TRUE,Supertext,DeepL,en-US_inst_4.txt,instructions
,,,,,,,,,
"Any enquiries in relation to your International Edition print subscription, including your complimentary All Access subscription, should be directed to the International Edition Customer Care team.","Fragen zu Ihrem internationalen Printabonnement, einschliesslich Ihres kostenlosen All-Access-Abonnements, richten Sie bitte an den Kundendienst für internationale Ausgaben.","Anfragen in Bezug auf Ihr Print-Abonnement der International Edition, einschließlich Ihres kostenlosen All Access-Abonnements, richten Sie bitte an das Customer Care-Team der International Edition.",TRUE,FALSE,FALSE,Supertext,DeepL,en-US_inst_4.txt,instructions
Please visit Contact Information for The New York Times International Print Edition for contact options.,Weitere Informationen zu den Kontaktmöglichkeiten finden Sie unter Kontaktinformationen für internationale Printausgaben von The New York Times.,"Bitte besuchen Sie die Seite Kontaktinformationen für die internationale Printausgabe der New York Times, um die Kontaktmöglichkeiten zu erfahren.",FALSE,FALSE,TRUE,Supertext,DeepL,en-US_inst_4.txt,instructions
,,,,,,,,,
International Digital Subscribers,Internationale digitale Abonnenten,Internationale Digital-Abonnenten,FALSE,TRUE,FALSE,Supertext,DeepL,en-US_inst_4.txt,instructions
,,,,,,,,,
The contact information below is only for customers contacting Customer Care from outside the United States looking for assistance with digital subscriptions.,"Die unten aufgeführten Kontaktinformationen gelten nur für Kunden, die sich von ausserhalb der USA an den Kundendienst wenden und Hilfe bei digitalen Abonnements benötigen.","Die nachstehenden Kontaktinformationen gelten nur für Kunden, die sich außerhalb der Vereinigten Staaten an den Kundendienst wenden und Unterstützung bei digitalen Abonnements benötigen.",TRUE,FALSE,FALSE,Supertext,DeepL,en-US_inst_4.txt,instructions
,,,,,,,,,
Select a region below to view contact information and hours alphabetically for that area.,"Wählen Sie eine Region aus, um die Kontaktinformationen und Öffnungszeiten für diese Region alphabetisch sortiert anzuzeigen.","Wählen Sie unten eine Region aus, um die Kontaktinformationen und Öffnungszeiten in alphabetischer Reihenfolge für diese Region anzuzeigen.",FALSE,FALSE,TRUE,Supertext,DeepL,en-US_inst_4.txt,instructions
,,,,,,,,,
Report a Security Vulnerability,Meldung von Sicherheitslücken,Eine Sicherheitslücke melden,FALSE,TRUE,FALSE,Supertext,DeepL,en-US_inst_5.txt,instructions
Learn how to report a security vulnerability to The New York Times.,"Erfahren Sie, wie Sie Sicherheitslücken bei The New York Times melden können.","Erfahren Sie, wie Sie eine Sicherheitslücke an die New York Times melden können.",FALSE,FALSE,TRUE,Supertext,DeepL,en-US_inst_5.txt,instructions
,,,,,,,,,
The introduction of bugs during the building and coding of technology is part of the development cycle.,Bei der Entwicklung von Technologien werden zwangsläufig Fehler eingebaut.,Das Auftreten von Fehlern bei der Entwicklung und Programmierung von Technologien ist Teil des Entwicklungszyklus.,FALSE,FALSE,TRUE,Supertext,DeepL,en-US_inst_5.txt,instructions
"While bugs aren’t inherently harmful, many can be taken advantage of to force software to act in ways not intended to gain unauthorized access to or perform unauthorized actions.","Obwohl Fehler an sich nicht schädlich sind, können sie ausgenutzt werden, um Software dazu zu veranlassen, in unerwünschter Weise zu reagieren und so unbefugten Zugriff auf Daten oder unerlaubte Aktionen zu ermöglichen.","Auch wenn Bugs an sich nicht schädlich sind, können viele von ihnen ausgenutzt werden, um Software dazu zu zwingen, sich auf eine Art und Weise zu verhalten, die nicht beabsichtigt ist, um unbefugten Zugang zu erhalten oder unbefugte Aktionen durchzuführen.",FALSE,FALSE,TRUE,Supertext,DeepL,en-US_inst_5.txt,instructions
,,,,,,,,,
"The New York Times recognizes the efforts of the information security community to protect The New York Times’s information assets, and offers a Vulnerability Disclosure Program to facilitate reporting security related bugs in The New York Times’s information assets.","The New York Times erkennt die Bemühungen der Informationssicherheits-Community an, die Daten von The New York Times zu schützen, und bietet ein Programm zur Meldung von Sicherheitslücken an, um die Meldung von Sicherheitslücken in den Datenbeständen von The New York Times zu erleichtern.","Die New York Times erkennt die Bemühungen der Informationssicherheits-Community an, die Informationsbestände der New York Times zu schützen, und bietet ein Programm zur Offenlegung von Schwachstellen an, um das Melden von sicherheitsrelevanten Fehlern in den Informationsbeständen der New York Times zu erleichtern.",FALSE,FALSE,TRUE,Supertext,DeepL,en-US_inst_5.txt,instructions
Security researchers are welcome to voluntarily report security vulnerabilities using this program.,Sicherheitsforscher können freiwillig Sicherheitslücken im Rahmen dieses Programms melden.,"Sicherheitsforscher sind eingeladen, freiwillig Sicherheitslücken über dieses Programm zu melden.",FALSE,TRUE,FALSE,Supertext,DeepL,en-US_inst_5.txt,instructions
,,,,,,,,,
How to Report a Security Vulnerability,Wie melde ich eine Sicherheitslücke?,Wie man eine Sicherheitslücke meldet,TRUE,FALSE,FALSE,Supertext,DeepL,en-US_inst_5.txt,instructions
,,,,,,,,,
You  can report a security vulnerability by submitting a Vulnerability Report.,"Sie können eine Sicherheitslücke melden, indem Sie einen Bericht über die Sicherheitslücke einreichen.","Sie können eine Sicherheitsschwachstelle melden, indem Sie einen Schwachstellenbericht einreichen.",FALSE,TRUE,FALSE,Supertext,DeepL,en-US_inst_5.txt,instructions
,,,,,,,,,
The submission is subjected to the terms and conditions set forth on our Vulnerability Disclosure Policy and the terms and conditions and disclosure guidelines outlined on the vulnerability disclosure form’s page.,"Die Einreichung unterliegt den Bestimmungen unserer Richtlinie zur Meldung von Sicherheitslücken und den Bestimmungen und Leitlinien, die auf der Seite mit dem Formular zur Meldung von Sicherheitslücken festgelegt sind.","Die Meldung unterliegt den Bedingungen, die in unserer Richtlinie zur Offenlegung von Sicherheitslücken dargelegt sind, sowie den Bedingungen und Offenlegungsrichtlinien, die auf der Seite des Formulars zur Meldung von Sicherheitslücken aufgeführt sind.",FALSE,TRUE,FALSE,Supertext,DeepL,en-US_inst_5.txt,instructions
,,,,,,,,,
"By submitting a vulnerability report to The New York Times Vulnerability Disclosure Program, the researcher agrees to these terms and conditions.",Durch die Einreichung eines Berichts über eine Sicherheitslücke bei The New York Times stimmt der Forscher den Bestimmungen zu.,Mit der Übermittlung eines Schwachstellenberichts an das Programm zur Offenlegung von Schwachstellen der New York Times erklärt sich der Forscher mit diesen Bedingungen einverstanden.,FALSE,FALSE,TRUE,Supertext,DeepL,en-US_inst_5.txt,instructions
,,,,,,,,,
Cancel Your Subscription,Ihr Abonnement kündigen,Ihre Abonnementdaten ändern,TRUE,FALSE,FALSE,DeepL,Supertext,en-US_inst_6.txt,instructions
Learn about the different ways you can cancel your New York Times subscription.,"Informieren Sie sich über die verschiedenen Möglichkeiten, wie Sie Ihr New York Times-Abonnement kündigen können.","Erfahren Sie mehr über die verschiedenen Möglichkeiten, Ihr Abonnement für die New York Times zu kündigen.",FALSE,TRUE,FALSE,DeepL,Supertext,en-US_inst_6.txt,instructions
,,,,,,,,,
Did you know?,Wussten Sie schon?,Did you know?,TRUE,FALSE,FALSE,DeepL,Supertext,en-US_inst_6.txt,instructions
You can cancel your subscription in Account.,Sie können Ihr Abonnement über Ihr Konto kündigen.,Sie können Ihr Abonnement in Ihrem Konto kündigen.,FALSE,FALSE,TRUE,DeepL,Supertext,en-US_inst_6.txt,instructions
,,,,,,,,,
Cancel Your New York Times Subscription,Kündigen Sie Ihr New York Times-Abonnement,Ihr New-York-Times-Abonnement kündigen,FALSE,FALSE,TRUE,DeepL,Supertext,en-US_inst_6.txt,instructions
,,,,,,,,,
There are several ways to cancel your New York Times subscription.,"Es gibt mehrere Möglichkeiten, Ihr New York Times-Abonnement zu kündigen.","Es gibt verschiedene Möglichkeiten, Ihr Abonnement für die New York Times zu kündigen.",FALSE,TRUE,FALSE,DeepL,Supertext,en-US_inst_6.txt,instructions
Once your subscription has been canceled you will have limited access to The New York Times’s content.,"Sobald Ihr Abonnement gekündigt wurde, haben Sie nur noch eingeschränkten Zugriff auf die Inhalte der New York Times.",Nach der Kündigung haben Sie nur noch eingeschränkten Zugriff auf die Inhalte der New York Times.,FALSE,TRUE,FALSE,DeepL,Supertext,en-US_inst_6.txt,instructions
,,,,,,,,,
Give us a call,Rufen Sie uns an,Rufen Sie uns an,FALSE,TRUE,FALSE,DeepL,Supertext,en-US_inst_6.txt,instructions
,,,,,,,,,
Call us at 866-273-3612 if you are in the U.S.,"Rufen Sie uns unter 866-273-3612 an, wenn Sie sich in den USA befinden.","Rufen Sie uns unter 866-273-3612 an, wenn Sie in den USA wohnen.",FALSE,TRUE,FALSE,DeepL,Supertext,en-US_inst_6.txt,instructions
"Our hours are 7 a.m. to 6 p.m. E.T. Monday to Friday, and 7 a.m. to 3 p.m. E.T. on weekends and holidays.",Unsere Geschäftszeiten sind von Montag bis Freitag von 7 bis 18 Uhr und an Wochenenden und Feiertagen von 7 bis 15 Uhr.,Unsere Öffnungszeiten lauten von Montag bis Freitag von 7:00 bis 18:00 Uhr ET und am Wochenende sowie an Feiertagen von 7:00 bis 15:00 Uhr ET.,FALSE,FALSE,TRUE,DeepL,Supertext,en-US_inst_6.txt,instructions
,,,,,,,,,
"If you are outside the U.S, please see our international contact information.","Wenn Sie sich außerhalb der USA befinden, beachten Sie bitte unsere internationalen Kontaktinformationen.","Wenn Sie sich ausserhalb der USA befinden, finden Sie hier weitere Informationen zu unseren internationalen Kontaktmöglichkeiten.",TRUE,FALSE,FALSE,DeepL,Supertext,en-US_inst_6.txt,instructions
,,,,,,,,,
Chat with a Care Advocate,Chat mit einem Betreuer,Chatten Sie mit einem Kundenbetreuer,FALSE,FALSE,TRUE,DeepL,Supertext,en-US_inst_6.txt,instructions
,,,,,,,,,
Select the Contact us button at the bottom of this page to chat with a Customer Care Advocate and cancel your subscription.,"Wählen Sie die Schaltfläche Kontakt unten auf dieser Seite, um mit einem Kundenbetreuer zu chatten und Ihr Abonnement zu kündigen.","Klicken Sie unten auf dieser Seite auf Kontakt aufnehmen, um mit einem Kundenbetreuer zu chatten und Ihr Abonnement zu kündigen.",FALSE,TRUE,FALSE,DeepL,Supertext,en-US_inst_6.txt,instructions
,,,,,,,,,
"Chat is available 7a.m. to 6p.m. E.T. Monday to Friday, and 7 a.m. to 3 p.m. E.T. on weekends and holidays.",Der Chat ist von Montag bis Freitag von 7 bis 18 Uhr und an Wochenenden und Feiertagen von 7 bis 15 Uhr verfügbar.,Unsere Chat-Möglichkeit steht Ihnen von Montag bis Freitag von 7:00 bis 18:00 Uhr ET sowie am Wochenende und an Feiertagen von 7:00 bis 15:00 Uhr ET zur Verfügung.,FALSE,FALSE,TRUE,DeepL,Supertext,en-US_inst_6.txt,instructions
,,,,,,,,,
"For more information about our cancellation policy, see our Terms of Sale.",Weitere Informationen über unsere Widerrufsbelehrung finden Sie in unseren Verkaufsbedingungen.,Weitere Informationen zu unserer Kündigungspolitik finden Sie in unseren Verkaufsbedingungen.,TRUE,FALSE,FALSE,DeepL,Supertext,en-US_inst_6.txt,instructions
,,,,,,,,,
Go to Your Account,Gehen Sie zu Ihrem Konto,Gehen Sie zu Ihrem Konto,FALSE,TRUE,FALSE,DeepL,Supertext,en-US_inst_6.txt,instructions
,,,,,,,,,
Eligible digital and Home Delivery subscriptions billed through The New York Times can be canceled using your account.,"Berechtigte digitale und Home Delivery-Abonnements, die über die New York Times abgerechnet werden, können über Ihr Konto gekündigt werden.","Digital- und Home-Delivery-Abonnements, die über die New York Times abgerechnet werden, können über Ihr Konto gekündigt werden.",TRUE,FALSE,FALSE,DeepL,Supertext,en-US_inst_6.txt,instructions
,,,,,,,,,
"Under your account, select Subscription Overview.",Wählen Sie unter Ihrem Konto die Option Abonnementübersicht.,"Gehen Sie in Ihrem Konto zu ""Abonnementübersicht"".",FALSE,FALSE,TRUE,DeepL,Supertext,en-US_inst_6.txt,instructions
"Select Cancel your Subscription in the Manage Subscription section,  and follow the instructions to cancel.",Wählen Sie im Abschnitt Abonnement verwalten die Option Abonnement kündigen und folgen Sie den Anweisungen zur Kündigung.,"Klicken Sie in der Übersicht ""Abonnement verwalten"" auf ""Abonnement kündigen"" und folgen Sie den Anweisungen, um Ihr Abonnement zu kündigen.",FALSE,TRUE,FALSE,DeepL,Supertext,en-US_inst_6.txt,instructions
,,,,,,,,,
"Note: If you purchased your subscription through a third-party (such as Google Play or Apple App Store), you will need to contact the third-party directly to cancel or make changes to your subscription.","Hinweis: Wenn Sie Ihr Abonnement über einen Drittanbieter (z. B. Google Play oder Apple App Store) erworben haben, müssen Sie sich direkt an den Drittanbieter wenden, um Ihr Abonnement zu kündigen oder Änderungen vorzunehmen.","Hinweis: Wenn Sie Ihr Abonnement über einen Drittanbieter (wie Google Play oder den Apple App Store) abgeschlossen haben, müssen Sie sich direkt an diesen wenden, um Ihr Abonnement zu kündigen oder zu ändern.",FALSE,TRUE,FALSE,DeepL,Supertext,en-US_inst_6.txt,instructions
,,,,,,,,,
Gift Subscriptions,Geschenk-Abonnements,Geschenkabonnements,FALSE,TRUE,FALSE,DeepL,Supertext,en-US_inst_7.txt,instructions
Learn about how to purchase a gift subscription to The New York Times for your friends and family.,"Erfahren Sie, wie Sie ein Geschenkabonnement der New York Times für Ihre Freunde und Familie erwerben können.","Erfahren Sie mehr über die Möglichkeit, ein Geschenkabonnement für The New York Times für Ihre Freunde und Familie zu kaufen.",TRUE,FALSE,FALSE,DeepL,Supertext,en-US_inst_7.txt,instructions
,,,,,,,,,
Did you know?,Wussten Sie schon?,Wussten Sie schon?,FALSE,TRUE,FALSE,DeepL,Supertext,en-US_inst_7.txt,instructions
You can manage your gift subscriptions in Account.,Sie können Ihre Geschenkabonnements im Konto verwalten.,Sie können Ihre Geschenkabonnements im Bereich Konto verwalten.,FALSE,FALSE,TRUE,DeepL,Supertext,en-US_inst_7.txt,instructions
,,,,,,,,,
Manage Your Gift Subscriptions,Verwalten Sie Ihre Geschenkabonnements,Verwaltung Ihrer Geschenkabonnements,FALSE,FALSE,TRUE,DeepL,Supertext,en-US_inst_7.txt,instructions
,,,,,,,,,
"Gift subscriptions are available for New York Times All Access, Cooking and Games for 12-month periods.","Geschenkabonnements sind für New York Times All Access, Cooking und Games für einen Zeitraum von 12 Monaten erhältlich.","Geschenkabonnements sind für New York Times All Access, Cooking und Games für Zeiträume von 12 Monaten erhältlich.",FALSE,TRUE,FALSE,DeepL,Supertext,en-US_inst_7.txt,instructions
"The Athletic is available as a 3-month, 6-month or 12-month subscription.","The Athletic ist als 3-monatiges, 6-monatiges oder 12-monatiges Abonnement erhältlich.","Für The Athletic sind Abonnements für 3, 6 oder 12 Monate erhältlich.",FALSE,TRUE,FALSE,DeepL,Supertext,en-US_inst_7.txt,instructions
,,,,,,,,,
Note: The Athletic gift subscriptions are managed differently than the instructions in this article.,Hinweis: Geschenkabonnements für The Athletic werden anders verwaltet als in diesem Artikel beschrieben.,Hinweis: Geschenkabonnements für The Athletic werden anders verwaltet als in diesem Artikel beschrieben.,FALSE,TRUE,FALSE,DeepL,Supertext,en-US_inst_7.txt,instructions
"If you need assistance with a gift subscription for The Athletic, please visit The Athletic’s FAQ page.","Wenn Sie Unterstützung bei einem Geschenkabonnement für The Athletic benötigen, besuchen Sie bitte die FAQ-Seite von The Athletic.","Wenn Sie Hilfe bei einem Geschenkabonnement für The Athletic benötigen, besuchen Sie bitte die FAQ-Seite von The Athletic.",FALSE,TRUE,FALSE,DeepL,Supertext,en-US_inst_7.txt,instructions
,,,,,,,,,
"Currently, gift subscriptions are not available for Home Delivery.",Geschenkabonnements sind derzeit nicht für die Lieferung nach Hause verfügbar.,Geschenkabonnements sind zurzeit nicht für die Zustellung nach Hause erhältlich.,FALSE,TRUE,FALSE,DeepL,Supertext,en-US_inst_7.txt,instructions
,,,,,,,,,
Spelling Bee,Buchstabier-Wettbewerb,Buchstabier-Biene,FALSE,FALSE,TRUE,Supertext,DeepL,en-US_inst_8.txt,instructions
"Learn more about the New York Times game Spelling Bee including access, how to play, and answers to common questions.","Informationen zum Buchstabier-Wettbewerb der New York Times, darunter Zugang, Spielanleitung und Antworten auf häufig gestellte Fragen.","Erfahren Sie mehr über das New York Times-Spiel Spelling Bee, einschließlich Zugang, Spielanleitung und Antworten auf häufige Fragen.",FALSE,FALSE,TRUE,Supertext,DeepL,en-US_inst_8.txt,instructions
,,,,,,,,,
About Spelling Bee,Informationen zum Buchstabier-Wettbewerb,Über Spelling Bee,FALSE,FALSE,TRUE,Supertext,DeepL,en-US_inst_8.txt,instructions
,,,,,,,,,
Spelling Bee is a word game that challenges players to construct as many words as they can using pre-selected letters.,Beim Buchstabier-Wettbewerb müssen die Spieler so viele Wörter wie möglich aus vorgegebenen Buchstaben bilden.,"Spelling Bee ist ein Wortspiel, bei dem die Spieler versuchen, so viele Wörter wie möglich aus vorgegebenen Buchstaben zu bilden.",FALSE,FALSE,TRUE,Supertext,DeepL,en-US_inst_8.txt,instructions
Each word must include the center letter provided in the puzzle.,Jedes Wort muss den im Rätsel angegebenen Mittelbuchstaben enthalten.,Jedes Wort muss den mittleren Buchstaben des Rätsels enthalten.,TRUE,FALSE,FALSE,Supertext,DeepL,en-US_inst_8.txt,instructions
An editor-curated list of words is selected for each daily puzzle.,Für jedes tägliche Rätsel wählt ein Redakteur eine Liste mit Wörtern aus.,Für jedes tägliche Rätsel wird eine von einem Redakteur zusammengestellte Liste von Wörtern ausgewählt.,FALSE,FALSE,TRUE,Supertext,DeepL,en-US_inst_8.txt,instructions
,,,,,,,,,
"For information on how to play, select the More in the top right corner of the game and then select How to Play.","Informationen zur Spielanleitung finden Sie, indem Sie im Spiel oben rechts auf Mehr klicken und dann auf Spielanleitung.","Informationen zur Spielweise erhalten Sie, wenn Sie oben rechts im Spiel auf „Mehr“ und dann auf „Wie man spielt“ klicken.",FALSE,FALSE,TRUE,Supertext,DeepL,en-US_inst_8.txt,instructions
,,,,,,,,,
"The entire Spelling Bee experience is available to New York Times Games, All Access, and Home Delivery subscribers.","Der gesamte Buchstabier-Wettbewerb steht New York Times Games-, All-Access- und Home-Delivery-Abonnenten zur Verfügung.","Das gesamte Spelling Bee-Erlebnis ist für Abonnenten von New York Times Games, All Access und Home Delivery verfügbar.",FALSE,FALSE,TRUE,Supertext,DeepL,en-US_inst_8.txt,instructions
,,,,,,,,,
Save and Share Articles,Artikel speichern und teilen,Artikel speichern und weitergeben,TRUE,FALSE,FALSE,Supertext,DeepL,en-US_inst_9.txt,instructions
"Learn how to save, share, and gift New York Times articles.","Erfahren Sie, wie Sie Artikel der New York Times speichern, teilen und verschenken können.","Erfahren Sie, wie Sie Artikel der New York Times speichern, weitergeben und verschenken können.",TRUE,FALSE,FALSE,Supertext,DeepL,en-US_inst_9.txt,instructions
,,,,,,,,,
You can save and share New York Times articles.,Sie können Artikel der New York Times speichern und teilen.,Sie können Artikel der New York Times speichern und weitergeben.,TRUE,FALSE,FALSE,Supertext,DeepL,en-US_inst_9.txt,instructions
Saved articles are accessible in our mobile apps and on the New York Times website.,Gespeicherte Artikel können Sie in unseren mobilen Apps und auf der Website der New York Times aufrufen.,Gespeicherte Artikel sind in unseren mobilen Apps und auf der Website der New York Times zugänglich.,TRUE,FALSE,FALSE,Supertext,DeepL,en-US_inst_9.txt,instructions
,,,,,,,,,
Only articles and blog posts can be saved and shared.,Speichern und teilen können Sie nur Artikel und Blogeinträge.,Es können nur Artikel und Blogbeiträge gespeichert und weitergegeben werden.,TRUE,FALSE,FALSE,Supertext,DeepL,en-US_inst_9.txt,instructions
"Multimedia links, such as slideshows and video, cannot be shared at this time.",Multimedia-Links wie Diashows und Videos können zurzeit nicht geteilt werden.,"Multimedia-Links, wie Diashows und Videos, können derzeit nicht geteilt werden.",FALSE,TRUE,FALSE,Supertext,DeepL,en-US_inst_9.txt,instructions
,,,,,,,,,
The Comments Section,Der Kommentarbereich,Der Kommentarbereich,FALSE,TRUE,FALSE,Supertext,DeepL,en-US_inst_10.txt,instructions
"Learn more about The New York Times comments section, including how to read, post, and flag comments for the website and news app, and comment moderation.","Erfahren Sie mehr über den Kommentarbereich der New York Times, einschliesslich der Möglichkeiten zum Lesen, Schreiben und Melden von Kommentaren auf der Website und in der App sowie der Moderation von Kommentaren.","Erfahren Sie mehr über den Kommentarbereich der New York Times, wie Sie Kommentare auf der Website und in der Nachrichten-App lesen, posten und kennzeichnen können, sowie über die Moderation von Kommentaren.",TRUE,FALSE,FALSE,Supertext,DeepL,en-US_inst_10.txt,instructions
,,,,,,,,,
"The New York Times is interested in articulate, well-informed remarks that are relevant to an article.","Die New York Times begrüsst sachkundige, fundierte Kommentare, die sich auf einen Artikel beziehen.","Die New York Times ist an klaren, gut informierten Kommentaren interessiert, die für einen Artikel relevant sind.",FALSE,TRUE,FALSE,Supertext,DeepL,en-US_inst_10.txt,instructions
"We welcome your advice, criticism, and unique insights into the issues of the day and invite you to engage with our news content using the comments section, a feature available for select articles on the New York Times website and app.","Wir freuen uns über Ihre Meinungsäusserungen, Kritik und einzigartigen Blickwinkel zu aktuellen Themen und laden Sie ein, sich mit unseren Artikeln im Kommentarbereich auseinanderzusetzen. Dieser ist auf ausgewählten Artikeln auf der Website und in der App der New York Times verfügbar.","Wir freuen uns über Ihren Rat, Ihre Kritik und Ihre einzigartigen Einblicke in die Themen des Tages und laden Sie ein, sich über den Kommentarbereich, eine Funktion, die für ausgewählte Artikel auf der Website und der App der New York Times verfügbar ist, an unseren Nachrichteninhalten zu beteiligen.",TRUE,FALSE,FALSE,Supertext,DeepL,en-US_inst_10.txt,instructions
,,,,,,,,,
"The comments section allows readers to read, post, recommend, and flag comments on select articles, and is moderated by The New York Times Community team.","Im Kommentarbereich können Leserinnen und Leser Kommentare zu ausgewählten Artikeln lesen, schreiben, empfehlen und melden. Der Kommentarbereich wird von der Community-Redaktion der New York Times moderiert.","Der Kommentarbereich ermöglicht es den Lesern, Kommentare zu ausgewählten Artikeln zu lesen, zu posten, zu empfehlen und zu markieren, und wird vom Community-Team der New York Times moderiert.",TRUE,FALSE,FALSE,Supertext,DeepL,en-US_inst_10.txt,instructions
"Typically, comment threads on articles are open for 24 hours.",Normalerweise sind Kommentarbereiche zu Artikeln 24 Stunden lang offen.,Normalerweise sind die Kommentarfelder zu Artikeln 24 Stunden lang geöffnet.,TRUE,FALSE,FALSE,Supertext,DeepL,en-US_inst_10.txt,instructions
"After 24 hours, commenting is closed and our moderators are moved to newer articles.",Nach 24 Stunden wird der Kommentarbereich geschlossen und die Moderatoren konzentrieren sich auf neuere Artikel.,Nach 24 Stunden wird die Kommentarfunktion geschlossen und unsere Moderatoren werden zu neueren Artikeln versetzt.,TRUE,FALSE,FALSE,Supertext,DeepL,en-US_inst_10.txt,instructions
This ensures we are able to host a civil comments section on a wide range of articles.,"So können wir sicherstellen, dass wir einen zivilisierten Kommentarbereich zu einer grossen Bandbreite von Artikeln anbieten.","Auf diese Weise wird sichergestellt, dass wir in der Lage sind, einen zivilen Kommentarbereich für eine breite Palette von Artikeln zu unterhalten.",TRUE,FALSE,FALSE,Supertext,DeepL,en-US_inst_10.txt,instructions
,,,,,,,,,
"To learn more about how to report a correction or share feedback, please visit Contact Us.",Informationen zum Melden von Fehlern oder zum Feedback finden Sie unter Kontakt.,"Wenn Sie mehr darüber erfahren möchten, wie Sie eine Korrektur melden oder uns Ihr Feedback mitteilen können, besuchen Sie bitte Kontakt.",FALSE,FALSE,TRUE,Supertext,DeepL,en-US_inst_10.txt,instructions
,,,,,,,,,
"For information on writing personal or public notes on New York Times Cooking recipes, please visit New York Times Cooking in the Help Center.",Informationen zum Verfassen persönlicher oder öffentlicher Notizen zu Rezepten von New York Times Cooking finden Sie unter New York Times Cooking im Hilfebereich.,Informationen zum Schreiben von persönlichen oder öffentlichen Notizen zu New York Times Cooking Rezepten finden Sie unter New York Times Cooking im Help Center.,TRUE,FALSE,FALSE,Supertext,DeepL,en-US_inst_10.txt,instructions
,,,,,,,,,
The Fed Is in No Rush to Cut Rates,"Die Fed hat es nicht eilig, die Zinsen zu senken",Die Fed hat es nicht eilig mit Zinssenkungen,FALSE,FALSE,TRUE,DeepL,Supertext,en-US_news_1.txt,news
Fed officials have signaled that it will take more than one weak report to convince them that the labor market is deteriorating.,"Fed-Beamte haben signalisiert, dass es mehr als einen schwachen Bericht braucht, um sie davon zu überzeugen, dass sich der Arbeitsmarkt verschlechtert.","Die Verantwortlichen der Fed haben angekündigt, dass sie sich nicht von einem einzigen schwachen Bericht dazu veranlassen lassen werden, von einer sich verschlechternden Arbeitsmarktsituation auszugehen.",FALSE,FALSE,TRUE,DeepL,Supertext,en-US_news_1.txt,news
,,,,,,,,,
"When the Federal Reserve began lowering interest rates in September, inflation was cooling and the job market was showing some troubling signs of weakness.","Als die US-Notenbank im September mit der Senkung der Zinssätze begann, kühlte sich die Inflation ab und der Arbeitsmarkt zeigte einige beunruhigende Anzeichen von Schwäche.","Als die US-Notenbank im September mit der Senkung der Zinsen begann, kühlte die Inflation ab und die Arbeitsmarktsituation zeigte erste Anzeichen einer Schwäche.",TRUE,FALSE,FALSE,DeepL,Supertext,en-US_news_1.txt,news
,,,,,,,,,
"Three months and a full percentage point of rate cuts later, the opposite is true:",Drei Monate und einen vollen Prozentpunkt an Zinssenkungen später ist das Gegenteil der Fall:,"Drei Monate und eine Zinssenkung um einen ganzen Prozentpunkt später, ist das Gegenteil der Fall:",FALSE,FALSE,TRUE,DeepL,Supertext,en-US_news_1.txt,news
"The job market seems to have stabilized, but progress on inflation has stalled.","Der Arbeitsmarkt scheint sich stabilisiert zu haben, aber die Fortschritte bei der Inflation sind ins Stocken geraten.","Die Arbeitsmarktsituation scheint sich stabilisiert zu haben, aber die Inflationsentwicklung stagniert.",FALSE,TRUE,FALSE,DeepL,Supertext,en-US_news_1.txt,news
,,,,,,,,,
"As a result, the central bank is widely expected to pause its campaign of rate cuts at its meeting this month, a message reinforced by Fed officials in a series of speeches this week.","Daher wird allgemein erwartet, dass die Zentralbank ihre Zinssenkungskampagne auf ihrer Sitzung in diesem Monat pausieren wird, eine Botschaft, die von Vertretern der Fed in einer Reihe von Reden in dieser Woche bekräftigt wurde.",Die Zentralbank wird daher bei ihrer Sitzung in diesem Monat voraussichtlich ihre Zinssenkungsrunde unterbrechen. Diese Botschaft wurde von Vertretern der Fed in einer Reihe von Reden in dieser Woche bekräftigt.,TRUE,FALSE,FALSE,DeepL,Supertext,en-US_news_1.txt,news
,,,,,,,,,
"“While it is not my baseline outlook, I cannot rule out the risk that progress on inflation could continue to stall,” Michelle Bowman, a Fed governor, said in a speech on Thursday.","„Auch wenn dies nicht meine Basisprognose ist, kann ich das Risiko nicht ausschließen, dass die Fortschritte bei der Inflation weiter ins Stocken geraten“, sagte Michelle Bowman, eine Gouverneurin der Fed, in einer Rede am Donnerstag.","Auch wenn dies nicht meine Grundannahme ist, so kann ich nicht ausschliessen, dass die Inflationsentwicklung weiter stagniert, sagte Michelle Bowman, Mitglied des Fed-Rates, in einer Rede am Donnerstag.",TRUE,FALSE,FALSE,DeepL,Supertext,en-US_news_1.txt,news
,,,,,,,,,
What We’re Watching in 2025,Was wir im Jahr 2025 beobachten werden,Was wir 2025 beobachten werden,FALSE,TRUE,FALSE,DeepL,Supertext,en-US_news_2.txt,news
These big questions will define business and policy in the year ahead.,Diese großen Fragen werden Wirtschaft und Politik im kommenden Jahr bestimmen.,Diese grossen Fragen werden in den kommenden Monaten die Geschäfte und die Politik bestimmen.,TRUE,FALSE,FALSE,DeepL,Supertext,en-US_news_2.txt,news
,,,,,,,,,
Andrew here.,Andrew hier.,Andrew hier.,FALSE,TRUE,FALSE,DeepL,Supertext,en-US_news_2.txt,news
Happy New Year and happy Saturday.,Ein frohes neues Jahr und einen schönen Samstag.,Guten Morgen und schönes Wochenende.,TRUE,FALSE,FALSE,DeepL,Supertext,en-US_news_2.txt,news
"This morning, we’re taking a look at what may — or may not — happen in 2025.","Heute Morgen werfen wir einen Blick darauf, was im Jahr 2025 passieren könnte - oder auch nicht.","Heute werfen wir einen Blick auf das, was 2025 alles passieren könnte - oder auch nicht.",FALSE,FALSE,TRUE,DeepL,Supertext,en-US_news_2.txt,news
This is not an effort to crystal-ball the future so much as it is a rundown of big topics that the DealBook team and I have on our radar screen in the new year.,"Dies ist kein Versuch, die Zukunft vorauszusagen, sondern vielmehr eine Auflistung der großen Themen, die das DealBook-Team und ich im neuen Jahr auf unserem Radarschirm haben.","Es geht hier nicht darum, die Zukunft vorauszusagen, sondern vielmehr um eine Zusammenstellung der grossen Themen, die das DealBook-Team und ich im kommenden Jahr im Auge behalten werden.",FALSE,FALSE,TRUE,DeepL,Supertext,en-US_news_2.txt,news
,,,,,,,,,
"On this list: Changes to deal-making in the new Trump era, the future (or end) of D.E.I. efforts, the growing momentum of workers returning to the office, the evolving relationship between China and the U.S., new investments in artificial intelligence, and yes, the role of Elon Musk in all of the above.","Auf dieser Liste: Veränderungen beim Abschluss von Geschäften in der neuen Trump-Ära, die Zukunft (oder das Ende) der D.E.I.-Bemühungen, die wachsende Dynamik bei der Rückkehr von Arbeitnehmern ins Büro, die sich entwickelnden Beziehungen zwischen China und den USA, neue Investitionen in künstliche Intelligenz und ja, die Rolle von Elon Musk bei all diesen Themen.","Zu diesen Themen zählen unter anderem die Veränderungen im Bereich der Fusionen und Übernahmen in der Ära Trump, die Zukunft (oder das Ende) von DEI-Initiativen, die wachsende Tendenz, dass Arbeitnehmer wieder ins Büro zurückkehren, die sich verändernde Beziehung zwischen China und den USA, die wachsende Investitionstätigkeit im Bereich der künstlichen Intelligenz und ja, auch die Rolle von Elon Musk in all diesen Bereichen.",FALSE,FALSE,TRUE,DeepL,Supertext,en-US_news_2.txt,news
Let us know what you think.,"Lassen Sie uns wissen, was Sie denken.",Wir freuen uns auf Ihre Kommentare.,TRUE,FALSE,FALSE,DeepL,Supertext,en-US_news_2.txt,news
And we’ll revisit this list at the end of the year.,Und wir werden diese Liste am Ende des Jahres wieder aufgreifen.,Und wir werden uns am Ende des Jahres noch einmal mit dieser Liste auseinandersetzen.,FALSE,TRUE,FALSE,DeepL,Supertext,en-US_news_2.txt,news
,,,,,,,,,
Deals will flow.,Geschäfte werden fließen.,Fusionen werden boomen.,FALSE,FALSE,TRUE,DeepL,Supertext,en-US_news_2.txt,news
"Deal makers pretty much universally expect a flood of deals under President-elect Donald Trump after four years of pent-up activity under President Biden, whose antitrust enforcers challenged a record number of mergers.","Nach vier Jahren Stau unter Präsident Biden, dessen Kartellwächter eine Rekordzahl von Fusionen untersagten, erwarten Deal-Macher unter dem designierten Präsidenten Donald Trump eine Flut von Geschäften.","Fast alle Dealmaker erwarten in der Ära Trump nach vier Jahren unter Präsident Biden, in denen die Kartellbehörden eine Rekordzahl an Übernahmen untersuchten, einen Ansturm an Fusionen.",TRUE,FALSE,FALSE,DeepL,Supertext,en-US_news_2.txt,news
The more interesting question: Which kinds of companies will make those deals?,Die interessantere Frage ist: Welche Arten von Unternehmen werden diese Geschäfte abschließen?,"Spannender ist die Frage, welche Art von Unternehmen diese Fusionen abschliessen werden.",FALSE,FALSE,TRUE,DeepL,Supertext,en-US_news_2.txt,news
"More M.&A. in the energy sector seems probable, given Trump’s support for the industry.",Mehr Fusionen und Übernahmen im Energiesektor scheinen angesichts der Unterstützung Trumps für diese Branche wahrscheinlich zu sein.,"Wahrscheinlich werden in der Energiebranche mehr Fusionen stattfinden, da Trump die Branche unterstützt.",TRUE,FALSE,FALSE,DeepL,Supertext,en-US_news_2.txt,news
Bank deals could also take off:,Auch Bankendeals könnten zunehmen:,Auch Bankenfusionen könnten sich beschleunigen:,FALSE,TRUE,FALSE,DeepL,Supertext,en-US_news_2.txt,news
"After the regional banking crisis, Treasury Secretary Janet Yellen said the country could benefit from more mergers.","Nach der regionalen Bankenkrise sagte Finanzministerin Janet Yellen, dass das Land von mehr Fusionen profitieren könnte.","Nach der Krise der regionalen Banken hat die Finanzministerin Janet Yellen gesagt, dass die USA von mehr Fusionen profitieren könnten.",TRUE,FALSE,FALSE,DeepL,Supertext,en-US_news_2.txt,news
"Deals may also pop up to address cybersecurity concerns, the impact of GLP-1 drugs and the fierce A.I race.","Auch im Hinblick auf die Cybersicherheit, die Auswirkungen von GLP-1-Medikamenten und den erbitterten Wettlauf der künstlichen Intelligenz könnten sich Deals ergeben.","Ausserdem könnten Fusionen dazu dienen, die Cybersecurity zu verbessern, die Auswirkungen von GLP-1-Medikamenten zu verringern oder im Wettlauf um künstliche Intelligenz die Nase vorn zu haben.",FALSE,TRUE,FALSE,DeepL,Supertext,en-US_news_2.txt,news
,,,,,,,,,
Biden Administration Ignites Firestorm With Rules Governing A.I.’s Global Spread,Biden-Regierung entfacht Feuersturm mit Regeln zur weltweiten Verbreitung der KI,Biden-Regierung löst mit Vorschriften für die weltweite Verbreitung von KI einen Sturm aus,FALSE,FALSE,TRUE,DeepL,Supertext,en-US_news_3.txt,news
"The tech industry is fighting new regulations, expected soon, that aim to keep the cutting-edge technology in the United States and allied countries.","Die Technologiebranche kämpft gegen neue, in Kürze erwartete Vorschriften, die darauf abzielen, die Spitzentechnologie in den Vereinigten Staaten und verbündeten Ländern zu halten.","Die Tech-Branche wehrt sich gegen neue Vorschriften, die in Kürze erwartet werden und die darauf abzielen, die fortschrittlichste Technologie in den USA und in verbündeten Ländern zu halten.",FALSE,TRUE,FALSE,DeepL,Supertext,en-US_news_3.txt,news
,,,,,,,,,
"The next big fight over offshoring is playing out in Washington, and this time it involves artificial intelligence.","Der nächste große Kampf um Offshoring spielt sich in Washington ab, und dieses Mal geht es um künstliche Intelligenz.",Der nächste grosse Konflikt über die Auslagerung von Arbeitsplätzen spielt sich in Washington ab und betrifft dieses Mal die künstliche Intelligenz.,TRUE,FALSE,FALSE,DeepL,Supertext,en-US_news_3.txt,news
,,,,,,,,,
"The Biden administration, in its final weeks in office, is rushing to issue new regulations to try to ensure that the United States and its close allies have control over how artificial intelligence develops in the years to come.","Die Regierung Biden hat es in den letzten Wochen ihrer Amtszeit eilig, neue Vorschriften zu erlassen, die sicherstellen sollen, dass die Vereinigten Staaten und ihre engen Verbündeten die Kontrolle über die Entwicklung der künstlichen Intelligenz in den kommenden Jahren haben.","In den letzten Wochen ihrer Amtszeit eilt die Regierung von Joe Biden, um neue Vorschriften zu erlassen, die sicherstellen sollen, dass die USA und ihre engsten Verbündeten in den kommenden Jahren die Entwicklung der künstlichen Intelligenz kontrollieren können.",TRUE,FALSE,FALSE,DeepL,Supertext,en-US_news_3.txt,news
,,,,,,,,,
"The rules have touched off an intense fight between tech companies and the government, as well as among administration officials.",Die Vorschriften haben einen heftigen Streit zwischen Technologieunternehmen und der Regierung sowie zwischen Regierungsbeamten ausgelöst.,Die Vorschriften haben zu einem heftigen Konflikt zwischen Tech-Unternehmen und der Regierung sowie unter den Regierungsmitarbeitern geführt.,TRUE,FALSE,FALSE,DeepL,Supertext,en-US_news_3.txt,news
,,,,,,,,,
Powerful Labor Group Joins A.F.L.-C.I.O. Ahead of New Trump Era,"Mächtige Gewerkschaft tritt der A.F.L.-C.I.O. bei, um sich auf neue Ära unter Trump vorzubereiten",Mächtige Gewerkschaftsgruppe schließt sich A.F.L.-C.I.O. vor der neuen Trump-Ära an,FALSE,FALSE,TRUE,Supertext,DeepL,en-US_news_4.txt,news
A marriage between the service employees union and the A.F.L.-C.I.O. could better equip organized labor to deal with a less-friendly administration.,"Eine Fusion zwischen der Gewerkschaft der Dienstleistungsmitarbeiter und der A.F.L.-C.I.O. könnte der organisierten Arbeitnehmerbewegung helfen, sich besser auf eine weniger gewerkschaftsfreundliche Regierung unter Donald J. Trump vorzubereiten.",Ein Zusammenschluss zwischen der Gewerkschaft der Dienstleistungsangestellten und der A.F.L.-C.I.O. könnte die organisierte Arbeiterschaft besser für eine weniger freundliche Regierung wappnen.,FALSE,TRUE,FALSE,Supertext,DeepL,en-US_news_4.txt,news
,,,,,,,,,
Two prominent labor groups are joining forces in an attempt to expand union membership and protect members’ interests as they face the likelihood of a less union-friendly federal government under Donald J. Trump.,"Zwei grosse Gewerkschaften haben sich zusammengeschlossen, um die Mitgliederzahl zu erhöhen und die Interessen ihrer Mitglieder zu schützen, die sich in einer Zeit einer weniger gewerkschaftsfreundlichen Bundesregierung unter Donald J. Trump befinden.","Zwei prominente Gewerkschaftsgruppen schließen sich zusammen, um die Zahl der Gewerkschaftsmitglieder zu erhöhen und die Interessen ihrer Mitglieder zu schützen, da sie mit einer weniger gewerkschaftsfreundlichen Bundesregierung unter Donald J. Trump rechnen müssen.",FALSE,FALSE,TRUE,Supertext,DeepL,en-US_news_4.txt,news
,,,,,,,,,
"The Service Employees International Union, which represents nearly two million workers in industries like home health care and janitorial services, said on Wednesday that it would become part of the A.F.L.-C.I.O., an umbrella group of more than 50 unions that represent more than 12.5 million workers.","Die Service Employees International Union, die rund zwei Millionen Arbeitnehmer in Branchen wie der häuslichen Pflege und dem Reinigungsgewerbe vertritt, hat am Mittwoch angekündigt, dass sie der A.F.L.-C.I.O. beitreten werde. Die A.F.L.-C.I.O. ist ein Dachverband, dem sich über 50 Gewerkschaften mit insgesamt mehr als 12.5 Millionen Mitgliedern angeschlossen haben.","Die Service Employees International Union, die fast zwei Millionen Beschäftigte in Branchen wie der häuslichen Krankenpflege und Hausmeisterdiensten vertritt, erklärte am Mittwoch, sie werde der A.F.L.-C.I.O. beitreten, einem Dachverband von mehr als 50 Gewerkschaften, die über 12,5 Millionen Beschäftigte vertreten.",FALSE,FALSE,TRUE,Supertext,DeepL,en-US_news_4.txt,news
,,,,,,,,,
The boards of the two groups formally approved the affiliation arrangement earlier in the day.,Die Vorstände der beiden Gewerkschaften haben die Vereinbarung über die Mitgliedschaft bereits am selben Tag offiziell abgesegnet.,Die Vorstände der beiden Gruppen stimmten dem Beitritt im Laufe des Tages formell zu.,FALSE,TRUE,FALSE,Supertext,DeepL,en-US_news_4.txt,news
,,,,,,,,,
"April Verrett, the service employees’ president, said in an interview that the union had begun discussing the possibility of joining the A.F.L.-C.I.O. almost two years ago, and that discussions with the federation and its president, Liz Shuler, accelerated early last year.","April Verrett, die Präsidentin der Gewerkschaft der Dienstleistungsmitarbeiter, sagte in einem Interview, dass ihre Gewerkschaft bereits vor fast zwei Jahren mit dem Gedanken gespielt habe, der A.F.L.-C.I.O. beizutreten. Die Gespräche mit der A.F.L.-C.I.O. und ihrer Präsidentin Liz Shuler hätten sich dann Anfang 2016 intensiviert.","April Verrett, die Präsidentin der Dienstleistungsangestellten, sagte in einem Interview, dass die Gewerkschaft vor fast zwei Jahren begonnen habe, die Möglichkeit eines Beitritts zur A.F.L.-C.I.O. zu erörtern, und dass sich die Gespräche mit dem Verband und seiner Präsidentin, Liz Shuler, Anfang letzten Jahres beschleunigt hätten.",FALSE,TRUE,FALSE,Supertext,DeepL,en-US_news_4.txt,news
,,,,,,,,,
"Richard A. Easterlin, ‘Father of Happiness Economics,’ Dies at 98","Richard A. Easterlin, der „Vater der Glücksökonomie“, stirbt im Alter von 98 Jahren","Richard A. Easterlin, der ""Vater der Glücksforschung"", stirbt im Alter von 98 Jahren",TRUE,FALSE,FALSE,DeepL,Supertext,en-US_news_5.txt,news
"He put forth the so-called Easterlin paradox, finding that the richer you are doesn’t mean the more satisfied you’ll be with your life.","Er stellte das so genannte Easterlin-Paradoxon auf, das besagt, dass je reicher man ist, desto unzufriedener wird man mit seinem Leben sein.","Er formulierte das sogenannte Easterlin-Paradoxon, wonach ein höherer Wohlstand nicht zwangsläufig zu mehr Lebenszufriedenheit führt.",FALSE,FALSE,TRUE,DeepL,Supertext,en-US_news_5.txt,news
,,,,,,,,,
Does getting a year-end bonus or raise make you happier?,Macht ein Jahresendbonus oder eine Gehaltserhöhung Sie glücklicher?,Macht ein Jahresbonus oder eine Gehaltserhöhung glücklicher?,FALSE,FALSE,TRUE,DeepL,Supertext,en-US_news_5.txt,news
"Does the lift it gives you tend to quickly fade, especially if others around you also won out in the annual compensation sweepstakes?","Verblasst der Auftrieb, den sie Ihnen gibt, schnell, vor allem, wenn andere um Sie herum auch bei der jährlichen Gehaltsverlosung gewonnen haben?","Lässt die Freude über die zusätzliche finanzielle Mittel schnell wieder nach, vor allem wenn auch andere Menschen in Ihrem Umfeld im Kampf um die jährliche Gehaltserhöhung erfolgreich waren?",FALSE,FALSE,TRUE,DeepL,Supertext,en-US_news_5.txt,news
,,,,,,,,,
"If the answer is that a boost in income doesn’t greatly improve your sense of well-being, then you are a proof point of the Easterlin paradox, the economic theory that more money, over the long run, won’t buy more happiness.","Wenn die Antwort lautet, dass eine Einkommenserhöhung Ihr Wohlbefinden nicht wesentlich verbessert, dann sind Sie ein Beweis für das Easterlin-Paradoxon, die Wirtschaftstheorie, dass mehr Geld auf lange Sicht nicht zu mehr Glück führt.","Wenn die Antwort auf diese Frage ein ""Nein"" lautet, dann sind Sie ein Beispiel für das Easterlin-Paradoxon, eine ökonomische Theorie, die besagt, dass mehr Geld auf lange Sicht nicht zu mehr Glück führt.",TRUE,FALSE,FALSE,DeepL,Supertext,en-US_news_5.txt,news
,,,,,,,,,
"The paradox was put forth by Richard A. Easterlin, an economist, a demographer and a seminal figure in the field of academic research into happiness.","Das Paradoxon wurde von Richard A. Easterlin aufgestellt, einem Wirtschaftswissenschaftler, einem Demographen und einer bahnbrechenden Persönlichkeit auf dem Gebiet der akademischen Glücksforschung.","Formuliert wurde das Paradoxon vom Ökonomen, Demographen und Pionier der Glücksforschung Richard A. Easterlin.",FALSE,FALSE,TRUE,DeepL,Supertext,en-US_news_5.txt,news
"The University of Southern California, where he was an emeritus professor, called him the “father of happiness economics” in announcing his death.","Die Universität von Südkalifornien, an der er als emeritierter Professor tätig war, nannte ihn bei der Bekanntgabe seines Todes den „Vater der Glücksökonomie“.","Die Universität Südkalifornien, an der er als emeritierter Professor lehrte, bezeichnete ihn in ihrer Todesanzeige als ""Vater der Glücksforschung"".",TRUE,FALSE,FALSE,DeepL,Supertext,en-US_news_5.txt,news
,,,,,,,,,
"Mr. Easterlin died at 98 on Dec. 16 at his home in Pasadena, Calif.","Herr Easterlin starb im Alter von 98 Jahren am 16. Dezember in seinem Haus in Pasadena, Kalifornien.","Richard A. Easterlin starb am 16. Dezember im Alter von 98 Jahren in seinem Zuhause in Pasadena, Kalifornien.",TRUE,FALSE,FALSE,DeepL,Supertext,en-US_news_5.txt,news
,,,,,,,,,
"U.S. Weighs Ban on Chinese Drones, Citing National Security Concerns",USA erwägen Verbot von chinesischen Drohnen aus Sicherheitsgründen,Die USA erwägen ein Verbot chinesischer Drohnen aus Gründen der nationalen Sicherheit,TRUE,FALSE,FALSE,Supertext,DeepL,en-US_news_6.txt,news
The Commerce Department requested that private companies comment on the implications of the rule by March.,"Das Handelsministerium hat die Unternehmen aufgefordert, bis März ihre Meinung zu den Auswirkungen der geplanten Regelung abzugeben.","Das Handelsministerium hat private Unternehmen aufgefordert, sich bis März zu den Auswirkungen der Regelung zu äußern.",FALSE,FALSE,TRUE,Supertext,DeepL,en-US_news_6.txt,news
The final decision will fall to the Trump administration.,Die endgültige Entscheidung liegt bei der Trump-Regierung.,Die endgültige Entscheidung liegt bei der Trump-Regierung.,FALSE,TRUE,FALSE,Supertext,DeepL,en-US_news_6.txt,news
,,,,,,,,,
The Biden administration said on Thursday that it was considering a new rule that could restrict or ban Chinese drones in the United States out of national security concerns.,"Die Regierung von Joe Biden erwägt derzeit eine neue Regelung, die den Einsatz von Drohnen aus China in den USA aus Sicherheitsgründen einschränken oder verbieten könnte.","Die Regierung Biden erklärte am Donnerstag, sie erwäge eine neue Regelung, die chinesische Drohnen in den Vereinigten Staaten aus Gründen der nationalen Sicherheit einschränken oder verbieten könnte.",FALSE,FALSE,TRUE,Supertext,DeepL,en-US_news_6.txt,news
,,,,,,,,,
"In a notice, the Commerce Department said the involvement of foreign adversaries — notably China and Russia — in the design, development, manufacture and supply of drones could pose “undue or unacceptable risk to U.S. national security.”","In einer Mitteilung hat das Handelsministerium darauf hingewiesen, dass die Einbeziehung von ausländischen Gegnern - insbesondere von China und Russland - in die Konzeption, Entwicklung, Herstellung und Lieferung von Drohnen ein ""unangemessenes oder inakzeptables Risiko für die nationale Sicherheit der USA"" darstellen könnte.","In einer Bekanntmachung erklärte das Handelsministerium, dass die Beteiligung ausländischer Gegner - insbesondere Chinas und Russlands - an Design, Entwicklung, Herstellung und Lieferung von Drohnen ein „unangemessenes oder inakzeptables Risiko für die nationale Sicherheit der USA“ darstellen könnte.",TRUE,FALSE,FALSE,Supertext,DeepL,en-US_news_6.txt,news
,,,,,,,,,
The notice requested private companies to comment on the scope and implications of the rule by March 4.,"Unternehmen wurden aufgefordert, bis zum 4. März ihre Meinung zu den Auswirkungen der geplanten Regelung abzugeben.","In der Bekanntmachung wurden Privatunternehmen aufgefordert, sich bis zum 4. März zu Umfang und Auswirkungen der Regelung zu äußern.",FALSE,FALSE,TRUE,Supertext,DeepL,en-US_news_6.txt,news
"The decision of what restrictions to impose, if any, on Chinese and Russian drones will fall to the Trump administration.","Die Trump-Regierung muss dann entscheiden, ob sie die Drohnen aus China und Russland einschränken oder verbieten will.","Die Entscheidung darüber, ob und welche Beschränkungen für chinesische und russische Drohnen verhängt werden, liegt bei der Trump-Administration.",FALSE,FALSE,TRUE,Supertext,DeepL,en-US_news_6.txt,news
,,,,,,,,,
"China and Russia have shown a willingness to compromise U.S. infrastructure and security through cyberespionage, the Commerce Department said, adding that the governments could leverage their laws and political situations to “co-opt private entities for national interests.”","China und Russland hätten sich bereits mehrfach in die Infrastruktur der USA eingehackt und damit die Sicherheit gefährdet, so das Handelsministerium. Die Regierungen könnten ihre Gesetze und die politische Situation nutzen, um ""private Unternehmen für eigene Interessen zu instrumentalisieren"".","China und Russland haben gezeigt, dass sie bereit sind, die Infrastruktur und die Sicherheit der USA durch Cyberspionage zu gefährden, so das Handelsministerium, und fügte hinzu, dass die Regierungen ihre Gesetze und ihre politische Situation ausnutzen könnten, um „private Unternehmen für nationale Interessen zu gewinnen“.",FALSE,TRUE,FALSE,Supertext,DeepL,en-US_news_6.txt,news
,,,,,,,,,
"Ozempic, Lego Bricks and Hearing Aids:","Ozempic, Lego-Steine und Hörgeräte:","Ozempic, Legosteine und Hörgeräte:",FALSE,TRUE,FALSE,DeepL,Supertext,en-US_news_7.txt,news
What Trump’s Greenland Plan Could Hit,Was Trumps Grönland-Plan treffen könnte,Was Trumps Plan für Grönland alles gefährden könnte,FALSE,FALSE,TRUE,DeepL,Supertext,en-US_news_7.txt,news
"Putting tariffs on Denmark unless it cedes the island of Greenland could hurt access to a few key products, including popular medicines.","Die Verhängung von Zöllen gegen Dänemark, wenn es die Insel Grönland nicht abtritt, könnte den Zugang zu einigen wichtigen Produkten, einschließlich beliebter Medikamente, beeinträchtigen.","Mit Zöllen auf Dänemark zu drohen, falls dieses Grönland nicht an die USA abtreten sollte, könnte den Zugang zu einigen wichtigen Produkten, darunter auch zu Medikamenten, erschweren.",TRUE,FALSE,FALSE,DeepL,Supertext,en-US_news_7.txt,news
,,,,,,,,,
President-elect Donald J. Trump has threatened tariffs on many countries for many different reasons.,Der designierte US-Präsident Donald J. Trump hat vielen Ländern aus den unterschiedlichsten Gründen mit Zöllen gedroht.,Donald J. Trump hat als Präsident bereits mit Zöllen auf viele Länder gedroht und dies aus den unterschiedlichsten Gründen getan.,TRUE,FALSE,FALSE,DeepL,Supertext,en-US_news_7.txt,news
,,,,,,,,,
"On Monday, he found a new purpose for his favorite economic tool.",Am Montag fand er einen neuen Zweck für sein bevorzugtes Wirtschaftsinstrument.,"Am Montag fand er einen neuen Grund, um seine Lieblingswaffe in der Wirtschaftspolitik einzusetzen.",FALSE,FALSE,TRUE,DeepL,Supertext,en-US_news_7.txt,news
Mr. Trump said he would “tariff Denmark at a very high level” if it refused to allow Greenland — a North American island that is an autonomous territory within the Kingdom of Denmark — to become part of the United States.,"Trump sagte, er werde Dänemark „mit sehr hohen Zöllen belegen“, wenn es sich weigere, Grönland - eine nordamerikanische Insel, die ein autonomes Territorium innerhalb des Königreichs Dänemark ist - den Vereinigten Staaten anzugliedern.","Trump hat angekündigt, dass er Dänemark mit ""sehr hohen Zöllen"" belegen werde, falls dieses Grönland nicht an die USA abtreten sollte. Grönland ist eine Insel im Nordatlantik, die zu Nordamerika gehört und eine autonome Region im Königreich Dänemark ist.",TRUE,FALSE,FALSE,DeepL,Supertext,en-US_news_7.txt,news
,,,,,,,,,
"“They should give it up, because we need it for national security,” Mr. Trump said of Greenland.","„Sie sollten es aufgeben, weil wir es für die nationale Sicherheit brauchen“, sagte Trump über Grönland.","Sie sollten Grönland abtreten, weil wir es für die nationale Sicherheit brauchen, sagte Trump.",TRUE,FALSE,FALSE,DeepL,Supertext,en-US_news_7.txt,news
,,,,,,,,,
"Denmark, which has a smaller population than New York City, is not a huge trading partner for the United States.","Dänemark, dessen Bevölkerung kleiner ist als die von New York City, ist kein großer Handelspartner der Vereinigten Staaten.",Dänemark ist mit seiner geringen Einwohnerzahl von weniger als 6 Millionen Menschen kein wichtiger Handelspartner der USA.,TRUE,FALSE,FALSE,DeepL,Supertext,en-US_news_7.txt,news
"The country — a U.S. ally and a NATO member — sent the United States more than $11 billion worth of goods in 2023, just a tiny slice of more than $3 trillion of imports.","Das Land - ein Verbündeter der USA und Mitglied der NATO - schickte den Vereinigten Staaten im Jahr 2023 Waren im Wert von mehr als 11 Milliarden Dollar, was nur einen winzigen Teil der Importe von mehr als 3 Billionen Dollar ausmacht.","2018 hat Dänemark Waren im Wert von mehr als $11 Milliarden in die USA exportiert, was nur einen winzigen Bruchteil der insgesamt mehr als $3 Billionen Dollar an Einfuhren ausmacht.",TRUE,FALSE,FALSE,DeepL,Supertext,en-US_news_7.txt,news
"The United States, in turn, sends Denmark more than $5 billion in goods, including industrial machinery, computers, aircraft and scientific instruments.","Die Vereinigten Staaten wiederum schicken Waren im Wert von mehr als 5 Milliarden Dollar nach Dänemark, darunter Industriemaschinen, Computer, Flugzeuge und wissenschaftliche Instrumente.","Die USA wiederum exportieren Waren im Wert von mehr als $5 Milliarden in Dänemark, darunter auch Industriegeräte, Computer, Flugzeuge und wissenschaftliche Instrumente.",TRUE,FALSE,FALSE,DeepL,Supertext,en-US_news_7.txt,news
,,,,,,,,,
Retailers may be taking a more staggered approach to holiday hiring.,Die Einzelhändler werden bei der Einstellung von Mitarbeitern für die Feiertage möglicherweise einen gestaffelten Ansatz wählen.,Die Handelsunternehmen rekrutieren ihre Mitarbeiter in diesem Jahr in mehreren Etappen.,TRUE,FALSE,FALSE,DeepL,Supertext,en-US_news_8.txt,news
,,,,,,,,,
"Every year, retailers race to hire workers to staff their stores and distribution centers to meet the demand that comes with millions of Americans shopping for Christmas and other winter holidays.","Jedes Jahr suchen die Einzelhändler händeringend nach Mitarbeitern für ihre Läden und Vertriebszentren, um die Nachfrage zu befriedigen, die durch die Weihnachtseinkäufe von Millionen Amerikanern und andere Winterurlaube entsteht.","Jedes Jahr stellen Handelsunternehmen Mitarbeiter ein, um ihre Läden und Verteilzentren für die Weihnachtseinkäufe und die Einkäufe zu anderen Winterfesten zu besetzen.",FALSE,TRUE,FALSE,DeepL,Supertext,en-US_news_8.txt,news
,,,,,,,,,
This seasonal hiring is often seen as a measure of the health of the retail industry and the U.S. economy more broadly.,Diese saisonalen Einstellungen werden oft als Indikator für die Gesundheit des Einzelhandels und der US-Wirtschaft im Allgemeinen angesehen.,Diese temporäre Einstellungen werden als Indikator für die Gesundheit der Handelsbranche und der US-Wirtschaft insgesamt betrachtet.,TRUE,FALSE,FALSE,DeepL,Supertext,en-US_news_8.txt,news
,,,,,,,,,
"On Wednesday, November data released by the Labor Department showed that seasonal hiring in 2024 in the retail trade sector was lower than a year earlier.","Am Mittwoch veröffentlichte das Arbeitsministerium Daten für November, aus denen hervorging, dass die Zahl der saisonalen Einstellungen im Einzelhandel im Jahr 2024 niedriger war als ein Jahr zuvor.","Am Mittwoch hat das Arbeitsministerium Daten für November veröffentlicht, wonach die Einstellungen in der Handelsbranche im Vergleich zum Vorjahr zurückgegangen sind.",TRUE,FALSE,FALSE,DeepL,Supertext,en-US_news_8.txt,news
But that may also reflect changes in how companies go about it.,"Dies könnte aber auch auf Veränderungen in der Art und Weise zurückzuführen sein, wie die Unternehmen vorgehen.",Dies könnte jedoch auch auf eine veränderte Vorgehensweise der Unternehmen zurückzuführen sein.,FALSE,FALSE,TRUE,DeepL,Supertext,en-US_news_8.txt,news
,,,,,,,,,
"The struggle to hire workers as the economy reopened in late 2020 and early 2021 led several retailers to start spreading out their hiring throughout the year, relying less on bringing on help rapidly in the weeks immediately before the holiday shopping season.","Die Schwierigkeiten bei der Einstellung von Arbeitnehmern, als die Wirtschaft Ende 2020 und Anfang 2021 wieder ansprang, veranlassten mehrere Einzelhändler dazu, ihre Einstellungen über das ganze Jahr zu verteilen und sich weniger darauf zu verlassen, in den Wochen unmittelbar vor der Weihnachtseinkaufssaison schnell Mitarbeiter einzustellen.","Die Schwierigkeiten bei der Rekrutierung von Mitarbeitern, als die Wirtschaft im Spätherbst 2020 und im Frühling 2021 wiedereröffnet wurde, haben einige Handelsunternehmen dazu veranlasst, ihre Einstellungen über das ganze Jahr hinweg zu verteilen und nicht erst kurz vor Beginn der Weihnachtseinkaufssaison in grossem Umfang neue Mitarbeiter einzustellen.",TRUE,FALSE,FALSE,DeepL,Supertext,en-US_news_8.txt,news
Other retailers have said that they focus on offering their current workers more shifts before hiring seasonal workers.,"Andere Einzelhändler haben erklärt, dass sie sich darauf konzentrieren, ihren derzeitigen Mitarbeitern mehr Schichten anzubieten, bevor sie Saisonarbeiter einstellen.","Andere Handelsunternehmen haben angekündigt, dass sie zunächst ihre bestehenden Mitarbeiter in mehr Schichten einsetzen wollen, bevor sie temporäre Mitarbeiter einstellen.",TRUE,FALSE,FALSE,DeepL,Supertext,en-US_news_8.txt,news
,,,,,,,,,
"Ahead of the 2024 holiday shopping season, major retailers like Target and Bath & Body Works said they expected their hiring of seasonal workers to be on a par with the year before.","Im Vorfeld der Weihnachtseinkaufssaison 2024 erklärten große Einzelhändler wie Target und Bath & Body Works, dass sie die Einstellung von Saisonarbeitskräften auf dem Niveau des Vorjahres erwarten.","Vor Beginn der Weihnachtseinkaufssaison 2024 haben grosse Handelsunternehmen wie Target und Bath & Body Works angekündigt, dass sie in etwa so viele temporäre Mitarbeiter einstellen wollen wie im Vorjahr.",FALSE,TRUE,FALSE,DeepL,Supertext,en-US_news_8.txt,news
"Macy’s said it aimed to hire 31,500 workers, slightly down from its target in 2023.","Macy's sagte, es wolle 31.500 Mitarbeiter einstellen, was leicht unter seinem Ziel für 2023 liegt.","Macy’s will 31.500 Mitarbeiter einstellen, was gegenüber dem Vorjahr eine leichte Reduzierung bedeutet.",TRUE,FALSE,FALSE,DeepL,Supertext,en-US_news_8.txt,news
"Amazon said in October that it would hire 250,000 people to support its fulfillment and transportation operations, in line with its goal from the previous year.","Amazon gab im Oktober bekannt, dass es 250.000 Mitarbeiter zur Unterstützung seiner Fulfillment- und Transportaktivitäten einstellen werde, was dem Ziel des Vorjahres entspricht.","Amazon hat im Oktober angekündigt, dass es 250.000 Mitarbeiter für seine Versand- und Transportabteilungen einstellen wolle - so viele wie im Vorjahr.",TRUE,FALSE,FALSE,DeepL,Supertext,en-US_news_8.txt,news
"At Amazon, the jobs included full-time, part-time and seasonal positions.","Bei Amazon umfassten die Arbeitsplätze Vollzeit-, Teilzeit- und Saisonarbeitsplätze.","Bei Amazon werden Vollzeit-, Teilzeit- und temporäre Stellen angeboten.",TRUE,FALSE,FALSE,DeepL,Supertext,en-US_news_8.txt,news
,,,,,,,,,
Power Companies Reach $16.4 Billion Deal as A.I. Drives Energy Use Up,"Kraftwerksbetreiber schliessen $16.4-Milliarden-Deal, da AI den Stromverbrauch in die Höhe treibt","Energieunternehmen schließen 16,4-Milliarden-Dollar-Deal ab, da KI den Energieverbrauch in die Höhe treibt",FALSE,FALSE,TRUE,Supertext,DeepL,en-US_news_9.txt,news
Constellation Energy’s deal to buy Calpine is being driven by fast-rising demand for electricity in part by the technology industry’s investments in artificial intelligence.,"Die Übernahme von Calpine durch Constellation Energy wird unter anderem durch die wachsende Nachfrage nach Strom in der Technologiebranche getrieben, die in künstliche Intelligenz investiert.",Der Kauf von Calpine durch Constellation Energy wird durch die schnell steigende Nachfrage nach Elektrizität und die Investitionen der Technologiebranche in künstliche Intelligenz angetrieben.,FALSE,TRUE,FALSE,Supertext,DeepL,en-US_news_9.txt,news
,,,,,,,,,
"Constellation Energy, the nation’s largest nuclear power plant operator, has agreed to buy another electricity producer, Calpine, for $16.4 billion, a deal that shows how fast-rising demand for power, partly a result of the data centers being built for artificial intelligence, is having far-reaching effects on the economy.","Constellation Energy, der grösste Betreiber von Kernkraftwerken in den USA, hat sich darauf geeinigt, den Stromerzeuger Calpine für 16.4 Milliarden Dollar zu übernehmen. Dieser Deal zeigt, wie die rasant steigende Nachfrage nach Strom, die unter anderem auf die für künstliche Intelligenz benötigten Rechenzentren zurückzuführen ist, weitreichende Auswirkungen auf die Wirtschaft hat.","Constellation Energy, der größte Kernkraftwerksbetreiber des Landes, hat sich bereit erklärt, einen anderen Stromerzeuger, Calpine, für 16,4 Milliarden Dollar zu kaufen. Dieser Deal zeigt, dass die schnell steigende Nachfrage nach Strom, die zum Teil auf die für künstliche Intelligenz gebauten Rechenzentren zurückzuführen ist, weitreichende Auswirkungen auf die Wirtschaft hat.",FALSE,FALSE,TRUE,Supertext,DeepL,en-US_news_9.txt,news
,,,,,,,,,
"The cash-and-stock deal, announced Friday, ranks among the power sector’s biggest, and indicates that natural gas is likely to play a larger role than many expected a few years ago in meeting the nation’s electricity needs.","Bei dem am Freitag angekündigten Deal, der aus Bargeld- und Aktienanteilen besteht, handelt es sich um eine der grössten Transaktionen in der Branche. Zudem zeigt er, dass Erdgas in Zukunft eine wichtigere Rolle bei der Deckung des Strombedarfs in den USA spielen wird als noch vor wenigen Jahren angenommen.","Der am Freitag bekannt gegebene Cash-and-Stock-Deal zählt zu den größten im Energiesektor und zeigt, dass Erdgas bei der Deckung des nationalen Strombedarfs wahrscheinlich eine größere Rolle spielen wird, als viele noch vor einigen Jahren erwartet hatten.",FALSE,FALSE,TRUE,Supertext,DeepL,en-US_news_9.txt,news
That could undermine efforts to address climate change unless companies quickly figure out how to capture and store emissions from gas power plants.,"Dies könnte die Bemühungen zur Bekämpfung des Klimawandels untergraben, falls die Kraftwerksbetreiber nicht schnell genug lernen, wie sie die Emissionen aus den Gas-Kraftwerken einfangen und speichern können.","Dies könnte die Bemühungen zur Bekämpfung des Klimawandels untergraben, wenn die Unternehmen nicht schnell herausfinden, wie sie die Emissionen von Gaskraftwerken auffangen und speichern können.",FALSE,TRUE,FALSE,Supertext,DeepL,en-US_news_9.txt,news
,,,,,,,,,
"The tie-up would broaden Constellation’s portfolio as companies like Microsoft, Google and Amazon are scrambling to secure energy for data centers used to run artificial intelligence and other services.","Durch die Übernahme würde Constellation sein Portfolio erweitern, während Technologieunternehmen wie Microsoft, Google und Amazon um die Energie für Rechenzentren konkurrieren, die sie für künstliche Intelligenz und andere Dienste benötigen.","Der Zusammenschluss würde das Portfolio von Constellation erweitern, da sich Unternehmen wie Microsoft, Google und Amazon darum bemühen, Energie für Rechenzentren zu sichern, die für den Betrieb von künstlicher Intelligenz und anderen Diensten genutzt werden.",FALSE,FALSE,TRUE,Supertext,DeepL,en-US_news_9.txt,news
Electricity demand is also increasing because of the building of new factories in the United States and greater use of electric vehicles and heat pumps.,Der Stromverbrauch steigt zudem aufgrund der Inbetriebnahme neuer Fabriken in den USA und der zunehmenden Nutzung von Elektroautos und Wärmepumpen.,Der Strombedarf steigt auch durch den Bau neuer Fabriken in den Vereinigten Staaten und die verstärkte Nutzung von Elektrofahrzeugen und Wärmepumpen.,FALSE,FALSE,TRUE,Supertext,DeepL,en-US_news_9.txt,news
The growth is reshaping a traditionally sleepy industry that has not been accustomed to turbocharged growth.,"Diese Entwicklung verändert eine Branche, die traditionell eher wenig Dynamik aufwies und nicht an rasantes Wachstum gewöhnt ist.","Das Wachstum verändert eine traditionell schläfrige Branche, die nicht an ein rasantes Wachstum gewöhnt ist.",FALSE,TRUE,FALSE,Supertext,DeepL,en-US_news_9.txt,news
,,,,,,,,,
"From $80 Days to $6,000 Days:",Von 80 Dollar-Tagen zu 6.000 Dollar-Tagen:,Von 80 Tagen zu 6.000 Tagen:,TRUE,FALSE,FALSE,DeepL,Supertext,en-US_news_10.txt,news
How 3 Small Coffee Shops Got Started,Wie 3 kleine Coffeeshops gegründet wurden,Wie 3 kleine Cafés gegründet wurden,FALSE,TRUE,FALSE,DeepL,Supertext,en-US_news_10.txt,news
The owners began their businesses with no college degrees and 100 percent grit.,Die Besitzer begannen ihre Geschäfte ohne Hochschulabschluss und mit 100-prozentigem Einsatz.,Die Inhaber starteten ihre Geschäfte ohne Hochschulabschluss und mit viel Durchhaltewillen.,FALSE,TRUE,FALSE,DeepL,Supertext,en-US_news_10.txt,news
A visit from the TikTok food critic Keith Lee also helped.,Ein Besuch des TikTok-Food-Kritikers Keith Lee war ebenfalls hilfreich.,Ein Besuch des Food-Kritikers Keith Lee bei TikTok half ihnen ebenfalls.,FALSE,FALSE,TRUE,DeepL,Supertext,en-US_news_10.txt,news
,,,,,,,,,
This article is part of a series on people who have made successful careers for themselves without having a college degree.,"Dieser Artikel ist Teil einer Serie über Menschen, die auch ohne Hochschulabschluss erfolgreich Karriere gemacht haben.","Dieser Artikel ist Teil einer Serie über Menschen, die ohne Hochschulabschluss eine erfolgreiche Karriere gestartet haben.",FALSE,TRUE,FALSE,DeepL,Supertext,en-US_news_10.txt,news
,,,,,,,,,
Rachel Nieves was 19 and working part time at Armani when she met someone who said her personality would do well in the car business.,"Rachel Nieves war 19 Jahre alt und arbeitete in Teilzeit bei Armani, als sie jemanden traf, der ihr sagte, dass ihre Persönlichkeit gut in die Autobranche passen würde.","Als Rachel Nieves 19 Jahre alt war, arbeitete sie bei Armani und traf dort jemanden, der ihr sagte, dass sie mit ihrer Persönlichkeit gut in der Autoverkaufsbranche aufginge.",TRUE,FALSE,FALSE,DeepL,Supertext,en-US_news_10.txt,news
,,,,,,,,,
"At first, she had no idea what that meant.","Zunächst hatte sie keine Ahnung, was das bedeutete.","Zunächst hatte sie keine Ahnung, was das heissen sollte.",FALSE,FALSE,TRUE,DeepL,Supertext,en-US_news_10.txt,news
"Ms. Nieves had started attending Fordham University in 2008 on a full scholarship, but her new job as a call center representative for an auto business soon earned her $120,000 a year.","Rachel Nieves hatte 2008 mit einem Vollstipendium ein Studium an der Fordham University begonnen, doch ihr neuer Job als Callcenter-Vertreterin für ein Autohaus brachte ihr bald 120.000 Dollar im Jahr ein.","2008 hatte Rachel Nieves ein Stipendium für ein Studium an der Fordham University erhalten, aber ihre neue Stelle als Kundendienstmitarbeiterin in einem Autohaus brachte ihr $120.000 Dollar im Jahr ein.",TRUE,FALSE,FALSE,DeepL,Supertext,en-US_news_10.txt,news
"She realized that her major — first math, then psychology — was unlikely to quickly get her an equivalent salary, so she dropped out of school.","Sie erkannte, dass sie mit ihrem Hauptfach - erst Mathematik, dann Psychologie - wahrscheinlich nicht so schnell ein gleichwertiges Gehalt erzielen würde, und brach die Schule ab.","Sie erkannte, dass ihr Studiengang - zunächst Mathematik, später Psychologie - ihr nicht so schnell eine vergleichbare Summe einbringen würde und brach ihr Studium ab.",TRUE,FALSE,FALSE,DeepL,Supertext,en-US_news_10.txt,news
,,,,,,,,,
"She stayed in the auto business for about a decade, eventually making $200,000 in a year.",Sie blieb etwa ein Jahrzehnt lang im Autogeschäft und verdiente schließlich 200.000 Dollar im Jahr.,Sie arbeitete über zehn Jahre lang in der Autoverkaufsbranche und verdiente am Ende $200.000 Dollar im Jahr.,TRUE,FALSE,FALSE,DeepL,Supertext,en-US_news_10.txt,news
"When the Covid-19 pandemic arrived in 2020, Ms. Nieves began to question her career.","Als die Covid-19-Pandemie im Jahr 2020 ausbrach, begann Frau Nieves, ihre Karriere in Frage zu stellen.","Als die Covid-19-Pandemie 2020 ausbrach, begann Rachel Nieves ihre Karriere zu hinterfragen.",FALSE,FALSE,TRUE,DeepL,Supertext,en-US_news_10.txt,news
,,,,,,,,,
"“Money’s important for us to survive, but it’s no longer worth missing life for,” Ms. Nieves, now 34, said.","„Geld ist wichtig, um zu überleben, aber es lohnt sich nicht mehr, das Leben dafür zu vernachlässigen“, sagte die heute 34-jährige Nieves.","Geld ist wichtig, damit wir überleben können, aber es ist nicht mehr wert, dafür das Leben zu verpassen, sagt Rachel Nieves, die heute 34 Jahre alt ist.",TRUE,FALSE,FALSE,DeepL,Supertext,en-US_news_10.txt,news
“Starting a coffee shop was a risk I wanted.,"„Die Eröffnung eines Cafés war ein Risiko, das ich eingehen wollte.","""Ich wollte das Risiko eingehen, ein Café zu eröffnen.",TRUE,FALSE,FALSE,DeepL,Supertext,en-US_news_10.txt,news
"I’m grateful for my past, but wanted something more fulfilling.”","Ich bin dankbar für meine Vergangenheit, aber ich wollte etwas, das mich mehr erfüllt.","Ich bin dankbar für meine Vergangenheit, aber ich wollte etwas erfüllenderes.""",FALSE,FALSE,TRUE,DeepL,Supertext,en-US_news_10.txt,news